timestamp,time_sec,sensor,x,y,z,time_to_prev_strike_sec
1780861686267,0.0,Accelerometer,-3.8220003,3.3430502,2.874,
1780861705133,18.866,Accelerometer,-10.722,0.03195,-2.7900002,18.866
1780861706260,19.993,Accelerometer,-14.377951,6.6139503,0.16095,1.126999999999999
1780861708192,21.925,Accelerometer,-12.23595,15.078001,1.47105,1.9320000000000022
1780861714438,28.171,Accelerometer,-18.72195,-9.088051,-5.09805,6.245999999999999
1780861715044,28.777,Accelerometer,-9.228001,-4.6000504,-0.73605,0.6060000000000016
1780861715410,29.143,Accelerometer,-21.846,-5.5350003,-2.4520502,0.36599999999999966
1780861716268,30.001,Accelerometer,-11.91405,7.7539506,-0.99000007,0.8580000000000005
1780861716470,30.203,Accelerometer,-17.55405,3.0280502,0.96105003,0.20199999999999818
1780861717628,31.361,Accelerometer,-20.764051,11.74695,0.71595,1.1580000000000013
1780861718397,32.13,Accelerometer,-22.705952,20.257051,12.922951,0.7690000000000019
1780861719691,33.424,Accelerometer,-35.683052,33.89595,23.737051,1.293999999999997
1780861720407,34.14,Accelerometer,-19.060951,4.50495,-5.1990004,0.7160000000000011
1780861721012,34.745,Accelerometer,-30.865051,21.04005,15.798,0.6049999999999969
1780861721728,35.461,Accelerometer,-21.553951,4.215,-11.53905,0.7160000000000011
1780861722411,36.144,Accelerometer,-60.517952,59.85705,29.574001,0.6829999999999998
1780861722841,36.574,Accelerometer,-11.245951,13.64595,-2.187,0.4299999999999997
1780861723631,37.364,Accelerometer,-33.079952,35.785053,26.875952,0.7899999999999991
1780861724371,38.104,Accelerometer,-19.48995,3.5299501,-6.669,0.740000000000002
1780861724931,38.664,Accelerometer,-24.046951,20.139002,10.584001,0.5600000000000023
1780861725463,39.196,Accelerometer,-22.25505,10.395,-3.4030502,0.5319999999999965
1780861726239,39.972,Accelerometer,-51.388054,29.31405,19.914001,0.7760000000000034
1780861726994,40.727,Accelerometer,-19.308,1.5790501,10.392,0.7549999999999955
1780861728104,41.837,Accelerometer,-17.433,17.19,-2.5080001,1.1100000000000065
1780861733533,47.266,Accelerometer,-26.070002,20.99595,13.243051,5.428999999999995
1780861734048,47.781,Accelerometer,-5.8039503,12.207001,-11.700001,0.5150000000000006
1780861734837,48.57,Accelerometer,-35.61795,24.706951,24.846,0.7890000000000015
1780861735471,49.204,Accelerometer,-15.235051,20.54895,-7.4419503,0.6340000000000003
1780861736164,49.897,Accelerometer,-30.669,19.48995,8.500951,0.6929999999999978
1780861736671,50.404,Accelerometer,-10.450951,12.0390005,-1.42305,0.507000000000005
1780861737414,51.147,Accelerometer,-31.023,20.544,12.40305,0.742999999999995
1780861737977,51.71,Accelerometer,-15.156001,12.910951,-0.65205,0.5630000000000024
1780861738758,52.491,Accelerometer,-30.892052,22.51395,12.666,0.7809999999999988
1780861739274,53.007,Accelerometer,-10.521001,11.005051,-0.609,0.5159999999999982
1780861739994,53.727,Accelerometer,-38.023952,20.896051,11.65095,0.7199999999999989
1780861740576,54.309,Accelerometer,-21.195002,12.328951,3.9529502,0.5820000000000007
1780861741174,54.907,Accelerometer,-35.197052,31.51905,28.71495,0.597999999999999
1780861741780,55.513,Accelerometer,-28.095001,13.371,2.22495,0.6060000000000016
1780861742414,56.147,Accelerometer,-23.841002,20.568,12.1039505,0.6340000000000003
1780861743063,56.796,Accelerometer,-11.280001,10.79205,-8.25405,0.6490000000000009
1780861743614,57.347,Accelerometer,-24.163952,22.21005,15.559051,0.5510000000000019
1780861744210,57.943,Accelerometer,-27.427052,11.472,0.34305,0.5959999999999965
1780861744855,58.588,Accelerometer,-27.423002,22.423052,14.541,0.6450000000000031
1780861745434,59.167,Accelerometer,-20.503052,11.64,-0.64500004,0.5790000000000006
1780861746095,59.828,Accelerometer,-20.095951,21.826952,13.071001,0.6610000000000014
1780861746677,60.41,Accelerometer,-18.778952,12.319951,-0.19005,0.5819999999999936
1780861747280,61.013,Accelerometer,-27.10695,21.145052,8.974951,0.6030000000000015
1780861747887,61.62,Accelerometer,-20.164951,11.710951,-0.813,0.6069999999999993
1780861748535,62.268,Accelerometer,-30.64005,31.203001,13.878,0.6480000000000032
1780861749066,62.799,Accelerometer,-21.06105,10.998,-1.7869501,0.5309999999999988
1780861749855,63.588,Accelerometer,-35.97705,20.11095,12.121051,0.7890000000000015
1780861751115,64.848,Accelerometer,-21.763052,23.352001,15.472051,1.259999999999998
1780861751674,65.407,Accelerometer,-13.966051,11.78295,0.80505,0.5589999999999975
1780861752359,66.092,Accelerometer,-22.380001,30.046951,24.30195,0.6850000000000023
1780861752934,66.667,Accelerometer,-17.959951,12.7890005,0.36900002,0.5750000000000028
1780861753575,67.308,Accelerometer,-25.216951,22.07595,13.138051,0.6410000000000053
1780861754139,67.872,Accelerometer,-18.56595,10.738951,-0.46995002,0.563999999999993
1780861754816,68.549,Accelerometer,-27.268951,22.830002,14.59605,0.6770000000000067
1780861755383,69.116,Accelerometer,-17.080952,12.736051,-0.47700003,0.5669999999999931
1780861756056,69.789,Accelerometer,-21.633001,22.893002,12.913051,0.6730000000000018
1780861756626,70.359,Accelerometer,-16.12605,13.52595,0.66405004,0.5699999999999932
1780861757276,71.009,Accelerometer,-33.31695,34.51905,35.06895,0.6500000000000057
1780861757850,71.583,Accelerometer,-16.060951,13.62705,-1.5000001,0.5739999999999981
1780861758496,72.229,Accelerometer,-25.597952,27.81495,13.82505,0.6460000000000008
1780861759094,72.827,Accelerometer,-16.428001,12.73095,0.86700004,0.597999999999999
1780861759716,73.449,Accelerometer,-28.299002,23.59905,14.505001,0.6219999999999999
1780861760304,74.037,Accelerometer,-25.389002,11.94795,1.5660001,0.5880000000000081
1780861760931,74.664,Accelerometer,-32.203953,30.742952,23.719952,0.6269999999999953
1780861761523,75.256,Accelerometer,-20.66295,13.17405,1.63995,0.5919999999999987
1780861762144,75.877,Accelerometer,-20.29005,16.05705,4.3710003,0.6209999999999951
1780861762712,76.445,Accelerometer,-21.69705,12.741,0.41895002,0.5679999999999978
1780861763412,77.145,Accelerometer,-23.616001,18.087002,18.16605,0.7000000000000028
1780861763955,77.688,Accelerometer,-18.685051,12.588,-1.1410501,0.5430000000000064
1780861764678,78.411,Accelerometer,-25.435051,19.663052,12.010051,0.722999999999999
1780861765409,79.142,Accelerometer,-14.72805,4.9120502,-1.1839501,0.7309999999999945
1780861765959,79.692,Accelerometer,-19.53405,18.973051,3.8410501,0.5499999999999972
1780861766700,80.433,Accelerometer,-13.144951,8.68305,-3.6360002,0.7410000000000139
1780861767330,81.063,Accelerometer,-24.549002,25.917002,15.7240505,0.6299999999999955
1780861768558,82.291,Accelerometer,-19.977001,26.260952,25.578001,1.2279999999999944
1780861768790,82.523,Accelerometer,-15.808051,5.589,5.3490005,0.23199999999999932
1780861769818,83.551,Accelerometer,-22.416,24.609001,15.274051,1.0280000000000058
1780861770584,84.317,Accelerometer,-14.191051,11.307,-6.4180503,0.7659999999999911
1780861771099,84.832,Accelerometer,-27.331951,21.660002,7.22205,0.5150000000000006
1780861772399,86.132,Accelerometer,-47.646004,21.98295,12.20205,1.3000000000000114
1780861772560,86.293,Accelerometer,-16.660051,7.9789505,0.393,0.16100000000000136
1780861773643,87.376,Accelerometer,-23.506052,19.18905,7.7850003,1.0829999999999984
1780861774216,87.949,Accelerometer,-23.625002,12.649951,-1.8420001,0.5729999999999933
1780861774859,88.592,Accelerometer,-22.230001,15.3820505,8.814,0.6430000000000007
1780861775431,89.164,Accelerometer,-15.838951,13.34895,-0.61605,0.5720000000000027
1780861776126,89.859,Accelerometer,-24.10905,24.423,15.405001,0.6949999999999932
1780861776680,90.413,Accelerometer,-14.62695,12.607051,-2.5080001,0.554000000000002
1780861777339,91.072,Accelerometer,-28.407001,23.986952,14.206051,0.659000000000006
1780861778119,91.852,Accelerometer,-10.99995,13.990951,-6.49905,0.7800000000000011
1780861778540,92.273,Accelerometer,-25.96005,30.183,26.242052,0.42099999999999227
1780861779130,92.863,Accelerometer,-15.937051,13.45905,-2.0959501,0.5900000000000034
1780861779760,93.493,Accelerometer,-32.730003,18.162,9.01095,0.6299999999999955
1780861780333,94.066,Accelerometer,-20.424002,11.512951,-1.131,0.5730000000000075
1780861780960,94.693,Accelerometer,-25.351952,32.62995,22.435051,0.6269999999999953
1780861781556,95.289,Accelerometer,-16.300951,13.414051,-2.6160002,0.5960000000000036
1780861782200,95.933,Accelerometer,-32.307003,22.378052,8.67105,0.6440000000000055
1780861782782,96.515,Accelerometer,-14.77305,11.857051,0.52995,0.5819999999999936
1780861783409,97.142,Accelerometer,-32.45505,22.584002,13.29405,0.6269999999999953
1780861783991,97.724,Accelerometer,-16.75605,13.111951,-1.572,0.5820000000000078
1780861784648,98.381,Accelerometer,-29.154001,20.92905,9.24495,0.6569999999999965
1780861785229,98.962,Accelerometer,-19.792051,11.995951,0.31395,0.5810000000000031
1780861785893,99.626,Accelerometer,-33.286053,19.071001,13.62705,0.6640000000000015
1780861786472,100.205,Accelerometer,-15.457951,12.082951,-0.022950001,0.5789999999999935
1780861787141,100.874,Accelerometer,-23.893051,16.842001,9.183001,0.6689999999999969
1780861787692,101.425,Accelerometer,-14.45505,12.549001,0.16800001,0.5510000000000019
1780861788421,102.154,Accelerometer,-24.05895,19.324951,9.942,0.7289999999999992
1780861788960,102.693,Accelerometer,-15.03705,12.472951,-0.85800004,0.5390000000000015
1780861789681,103.414,Accelerometer,-22.134,18.624,8.41695,0.7210000000000036
1780861790921,104.654,Accelerometer,-18.139952,18.82995,8.938951,1.2399999999999949
1780861791136,104.869,Accelerometer,-15.481951,4.5930004,1.00395,0.2150000000000034
1780861792101,105.834,Accelerometer,-32.568,30.895952,20.56995,0.9650000000000034
1780861792894,106.627,Accelerometer,-14.6650505,2.9940002,-3.6790502,0.7929999999999922
1780861793286,107.019,Accelerometer,-29.307001,26.99595,21.625952,0.3920000000000101
1780861793890,107.623,Accelerometer,-19.834951,12.637951,-0.78900003,0.6039999999999992
1780861794422,108.155,Accelerometer,-33.481953,35.99895,29.66295,0.5319999999999965
1780861795067,108.8,Accelerometer,-22.473001,11.60595,-2.0050502,0.644999999999996
1780861795603,109.336,Accelerometer,-38.733,23.587051,12.115951,0.5360000000000014
1780861796382,110.115,Accelerometer,-18.19905,7.07805,-2.53695,0.7789999999999964
1780861796769,110.502,Accelerometer,-40.516052,30.214052,15.231001,0.38700000000000045
1780861797374,111.107,Accelerometer,-20.677052,12.196951,-1.0500001,0.605000000000004
1780861797922,111.655,Accelerometer,-41.34495,29.589,17.632051,0.5480000000000018
1780861798593,112.326,Accelerometer,-24.144001,19.09995,-9.123,0.6709999999999923
1780861799047,112.78,Accelerometer,-31.07805,31.76295,28.030052,0.45400000000000773
1780861799843,113.576,Accelerometer,-13.549951,5.742,-13.368001,0.7959999999999923
1780861800184,113.917,Accelerometer,-27.174002,30.288002,30.831001,0.3410000000000082
1780861800832,114.565,Accelerometer,-21.10395,12.87705,-1.6720501,0.6479999999999961
1780861801371,115.104,Accelerometer,-26.508001,23.319,14.27805,0.5390000000000015
1780861801999,115.732,Accelerometer,-22.51905,12.111001,-0.83400005,0.6280000000000001
1780861802544,116.277,Accelerometer,-49.26705,25.038002,13.188001,0.5450000000000017
1780861803161,116.894,Accelerometer,-27.838951,13.066951,1.5640501,0.6170000000000044
1780861803725,117.458,Accelerometer,-41.536053,26.90805,17.038052,0.563999999999993
1780861804329,118.062,Accelerometer,-19.80105,12.075001,-0.28395,0.6039999999999992
1780861804923,118.656,Accelerometer,-37.50495,27.61395,17.053051,0.5940000000000083
1780861805538,119.271,Accelerometer,-17.851952,14.25195,0.34305,0.6149999999999949
1780861806124,119.857,Accelerometer,-30.123001,26.302052,12.08895,0.5859999999999985
1780861806720,120.453,Accelerometer,-21.160952,12.85305,0.45495003,0.5960000000000036
1780861807334,121.067,Accelerometer,-30.826952,26.278051,14.218051,0.6139999999999901
1780861807928,121.661,Accelerometer,-19.46595,12.940051,0.14400001,0.5940000000000083
1780861808570,122.303,Accelerometer,-31.942951,23.22495,10.840051,0.6419999999999959
1780861809129,122.862,Accelerometer,-17.04795,13.720051,0.59205,0.5589999999999975
1780861809788,123.521,Accelerometer,-36.40605,30.433952,18.879002,0.659000000000006
1780861810547,124.28,Accelerometer,-18.535051,5.802,2.8540502,0.7590000000000003
1780861811028,124.761,Accelerometer,-19.996052,18.69795,17.344952,0.48099999999999454
1780861811558,125.291,Accelerometer,-19.858952,13.366051,3.0600002,0.5300000000000011
1780861812325,126.058,Accelerometer,-28.85205,21.466051,12.127951,0.7670000000000101
1780861812898,126.631,Accelerometer,-14.22,11.568001,-2.802,0.5729999999999933
1780861813565,127.298,Accelerometer,-23.33805,19.18905,3.8170502,0.6670000000000016
1780861814105,127.838,Accelerometer,-21.712051,14.230051,2.7109501,0.539999999999992
1780861815385,129.118,Accelerometer,-10.128,12.22395,-1.3729501,1.2800000000000011
1780861816466,130.199,Accelerometer,-16.660051,3.2950501,-0.62100005,1.0810000000000173
1780861818125,131.858,Accelerometer,-11.598001,3.9199502,-0.906,1.6589999999999918
1780861821372,135.105,Accelerometer,-21.459002,17.484001,9.430051,3.2469999999999857
1780861821373,135.106,Accelerometer,-13.128,3.0990002,3.9960003,0.0010000000000047748
1780861822646,136.379,Accelerometer,-28.36305,23.428951,18.04095,1.2729999999999961
1780861823398,137.131,Accelerometer,-18.319052,10.81095,3.2689502,0.7520000000000095
1780861823866,137.599,Accelerometer,-42.681004,21.894001,12.384001,0.4679999999999893
1780861824635,138.368,Accelerometer,-19.132952,6.16095,0.67305005,0.7690000000000055
1780861824966,138.699,Accelerometer,-40.792053,36.89205,22.084951,0.3310000000000173
1780861825625,139.358,Accelerometer,-14.866951,10.31295,0.36900002,0.6589999999999918
1780861826006,139.739,Accelerometer,-33.006,22.596,7.7320504,0.3810000000000002
1780861826855,140.588,Accelerometer,-26.236952,3.0630002,4.45095,0.8489999999999895
1780861827248,140.981,Accelerometer,-27.114002,15.729001,7.3030505,0.3930000000000007
1780861828676,142.409,Accelerometer,-17.565,5.61105,6.7000504,1.4279999999999973
1780861829791,143.524,Accelerometer,-39.228,21.98295,16.38705,1.115000000000009
1780861830356,144.089,Accelerometer,-15.288001,11.757001,-0.67905,0.5649999999999977
1780861830967,144.7,Accelerometer,-48.61095,25.888052,17.54805,0.61099999999999
1780861831551,145.284,Accelerometer,-18.397951,12.4459505,-3.0660002,0.5840000000000032
1780861832127,145.86,Accelerometer,-37.665,20.352001,14.374051,0.5760000000000218
1780861832727,146.46,Accelerometer,-24.883951,13.80405,2.67195,0.5999999999999943
1780861833311,147.044,Accelerometer,-32.082,26.038952,17.851952,0.5840000000000032
1780861833904,147.637,Accelerometer,-21.918001,14.830951,-2.28795,0.5929999999999893
1780861834488,148.221,Accelerometer,-39.753002,26.946001,19.830002,0.5840000000000032
1780861835282,149.015,Accelerometer,-21.96795,7.7730002,4.032,0.7939999999999827
1780861835668,149.401,Accelerometer,-39.429,29.548952,10.119,0.3860000000000241
1780861836268,150.001,Accelerometer,-26.287052,11.94795,-3.0990002,0.5999999999999943
1780861836887,150.62,Accelerometer,-43.734,21.957,9.892051,0.6189999999999998
1780861837438,151.171,Accelerometer,-16.95405,12.763051,-2.496,0.5509999999999877
1780861838095,151.828,Accelerometer,-34.416,24.982952,18.043951,0.6570000000000107
1780861838877,152.61,Accelerometer,-13.543051,8.367001,-4.428,0.7820000000000107
1780861839249,152.982,Accelerometer,-35.922,21.28395,10.411051,0.3719999999999857
1780861839866,153.599,Accelerometer,-25.423052,12.66705,-1.03995,0.6169999999999902
1780861840468,154.201,Accelerometer,-32.11005,16.201052,11.788051,0.6020000000000039
1780861841247,154.98,Accelerometer,-15.04905,9.48495,-9.468,0.7789999999999964
1780861841647,155.38,Accelerometer,-35.20605,16.69605,12.994051,0.4000000000000057
1780861842258,155.991,Accelerometer,-19.665,13.054951,-1.6669501,0.6110000000000184
1780861842848,156.581,Accelerometer,-25.58595,15.492001,7.29405,0.589999999999975
1780861843448,157.181,Accelerometer,-25.392002,11.68305,-1.99995,0.6000000000000227
1780861844035,157.768,Accelerometer,-29.69205,13.27305,10.828051,0.5869999999999891
1780861844648,158.381,Accelerometer,-19.108952,11.343,-2.091,0.6129999999999995
1780861845208,158.941,Accelerometer,-28.062002,13.408951,5.41695,0.5600000000000023
1780861845837,159.57,Accelerometer,-19.035002,12.628051,0.82605004,0.6289999999999907
1780861846408,160.141,Accelerometer,-35.38095,10.80405,11.235001,0.570999999999998
1780861846988,160.721,Accelerometer,-24.058052,12.894001,0.06705,0.5800000000000125
1780861847669,161.402,Accelerometer,-24.022951,12.20505,4.8229504,0.6809999999999832
1780861848952,162.685,Accelerometer,-24.202051,10.9140005,2.568,1.2830000000000155
1780861849117,162.85,Accelerometer,-19.131,5.37405,-2.5870502,0.16499999999999204
1780861850233,163.966,Accelerometer,-19.98405,11.841001,2.3710501,1.1160000000000139
1780861850380,164.113,Accelerometer,-15.676051,4.4209504,2.39205,0.14699999999999136
1780861851475,165.208,Accelerometer,-21.892052,11.311951,2.01,1.0949999999999989
1780861851665,165.398,Accelerometer,-21.829052,3.38895,5.51205,0.18999999999999773
1780861852750,166.483,Accelerometer,-22.31595,11.19705,-3.5700002,1.085000000000008
1780861852908,166.641,Accelerometer,-18.834002,3.7770002,-7.62405,0.15799999999998704
1780861854049,167.782,Accelerometer,-16.333052,11.7310505,-5.85405,1.1410000000000196
1780861854189,167.922,Accelerometer,-18.915,6.1519504,-3.3340502,0.13999999999998636
1780861855396,169.129,Accelerometer,-20.97495,11.701951,-0.21300001,1.2069999999999936
1780861855490,169.223,Accelerometer,-16.047,5.07705,-0.33405003,0.09400000000002251
1780861856710,170.443,Accelerometer,-16.80195,10.953,-0.37905002,1.2199999999999989
1780861856849,170.582,Accelerometer,-13.69095,5.604,3.38595,0.13899999999998158
1780861858032,171.765,Accelerometer,-20.914951,14.512951,-4.16895,1.1829999999999927
1780861858173,171.906,Accelerometer,-15.870001,4.5600004,4.63605,0.14100000000001955
1780861859350,173.083,Accelerometer,-16.25595,14.716051,-3.0940502,1.1769999999999925
1780861859492,173.225,Accelerometer,-18.070051,6.01305,5.1120005,0.1419999999999959
1780861860710,174.443,Accelerometer,-18.202051,15.043951,-8.706,1.2180000000000177
1780861860814,174.547,Accelerometer,-12.420001,6.11595,-0.022950001,0.103999999999985
1780861861995,175.728,Accelerometer,-23.340002,16.198051,-12.474001,1.1810000000000116
1780861862154,175.887,Accelerometer,-16.123951,3.82905,-1.32,0.15899999999999181
1780861863291,177.024,Accelerometer,-24.46305,17.458052,-5.55495,1.1370000000000005
1780861863432,177.165,Accelerometer,-20.140951,5.7070503,2.62695,0.14099999999999113
1780861864590,178.323,Accelerometer,-19.716002,12.715051,-2.0020502,1.1580000000000155
1780861864711,178.444,Accelerometer,-13.897051,3.351,-4.6600504,0.1209999999999809
1780861865874,179.607,Accelerometer,-23.13495,16.026001,-8.133,1.163000000000011
1780861866039,179.772,Accelerometer,-22.021051,4.227,5.1070504,0.16499999999999204
1780861867096,180.829,Accelerometer,-13.68,12.93,-3.048,1.0570000000000164
1780861867864,181.597,Accelerometer,-16.219051,10.584001,6.28095,0.7680000000000007
1780861868331,182.064,Accelerometer,-18.78405,12.267,-3.2680502,0.46699999999998454
1780861869592,183.325,Accelerometer,-22.420952,20.37405,-5.23395,1.2609999999999957
1780861869761,183.494,Accelerometer,-19.617,4.7970004,1.65495,0.16900000000001114
1780861870912,184.645,Accelerometer,-37.098003,20.568,-2.87295,1.1510000000000105
1780861871402,185.135,Accelerometer,-13.734,12.95205,-1.557,0.4899999999999807
1780861872151,185.884,Accelerometer,-36.279003,15.23595,-5.493,0.7489999999999952
1780861872705,186.438,Accelerometer,-17.919,10.15305,-1.57395,0.554000000000002
1780861873406,187.139,Accelerometer,-26.671051,16.414051,-4.26,0.7010000000000218
1780861874694,188.427,Accelerometer,-28.159952,15.53295,-0.273,1.2879999999999825
1780861874822,188.555,Accelerometer,-13.353001,6.60195,-0.384,0.12800000000001432
1780861875995,189.728,Accelerometer,-19.086,13.918951,-4.28805,1.1730000000000018
1780861876124,189.857,Accelerometer,-16.38705,6.43695,4.4370003,0.12899999999999068
1780861877427,191.16,Accelerometer,-20.436,4.7299504,3.9460502,1.3029999999999973
1780861879334,193.067,Accelerometer,-18.46305,6.6570005,0.381,1.9070000000000107
1780861879899,193.632,Accelerometer,-24.022951,16.306051,-3.2350502,0.5649999999999977
1780861880418,194.151,Accelerometer,-21.597,11.482051,0.92700005,0.5190000000000055
1780861881212,194.945,Accelerometer,-16.87605,14.30895,-3.58905,0.7939999999999827
1780861882533,196.266,Accelerometer,-28.77,18.379951,-3.93195,1.320999999999998
1780861882668,196.401,Accelerometer,-20.15295,5.235,2.148,0.13500000000001933
1780861883793,197.526,Accelerometer,-23.074951,14.062951,-8.940001,1.125
1780861883998,197.731,Accelerometer,-15.099001,4.84695,2.94105,0.20499999999998408
1780861885119,198.852,Accelerometer,-17.30505,12.234,-3.0360003,1.1210000000000093
1780861885228,198.961,Accelerometer,-16.609951,5.3089504,-0.19995001,0.10900000000000887
1780861886577,200.31,Accelerometer,-16.69095,5.5290003,4.5019503,1.3489999999999895
1780861888540,202.273,Accelerometer,-11.397,10.347,-2.1649501,1.9629999999999939
1780861892918,206.651,Accelerometer,-27.793951,12.267,10.18395,4.378000000000014
1780861894254,207.987,Accelerometer,-21.85095,16.789951,0.94395006,1.3359999999999843
1780861894391,208.124,Accelerometer,-16.95195,4.9360504,2.4709501,0.13700000000000045
1780861895593,209.326,Accelerometer,-25.975952,12.835051,5.3760004,1.2019999999999982
1780861896860,210.593,Accelerometer,-30.709951,13.431001,5.5080004,1.266999999999996
1780861897069,210.802,Accelerometer,-19.792051,5.29005,-0.70995003,0.20900000000000318
1780861898093,211.826,Accelerometer,-40.882954,18.6,3.1930501,1.024000000000001
1780861898854,212.587,Accelerometer,-13.99005,4.617,16.71195,0.7609999999999957
1780861899316,213.049,Accelerometer,-31.624052,13.08405,7.0420504,0.4620000000000175
1780861899887,213.62,Accelerometer,-19.54305,12.24495,1.14195,0.570999999999998
1780861900554,214.287,Accelerometer,-33.858,14.611051,6.25005,0.6670000000000016
1780861901130,214.863,Accelerometer,-18.12795,11.460001,-0.92505,0.5759999999999934
1780861901774,215.507,Accelerometer,-33.44205,15.21195,10.078051,0.6440000000000055
1780861902568,216.301,Accelerometer,-19.732052,7.8370504,-5.4820504,0.7939999999999827
1780861903017,216.75,Accelerometer,-32.91,13.384951,8.082001,0.4490000000000123
1780861904305,218.038,Accelerometer,-24.115952,10.455001,3.5640001,1.288000000000011
1780861904464,218.197,Accelerometer,-17.53095,3.62805,-4.998,0.15899999999999181
1780861905554,219.287,Accelerometer,-30.28395,15.186001,11.44995,1.0900000000000034
1780861905754,219.487,Accelerometer,-17.376001,3.5659502,-6.54195,0.19999999999998863
1780861906778,220.511,Accelerometer,-49.76805,17.271,3.7600503,1.024000000000001
1780861907586,221.319,Accelerometer,-25.02795,9.609,3.7879503,0.8079999999999927
1780861908060,221.793,Accelerometer,-41.689953,11.661,1.0159501,0.47400000000001796
1780861908592,222.325,Accelerometer,-21.609001,11.41005,0.32595003,0.5319999999999823
1780861909255,222.988,Accelerometer,-41.536053,13.668,0.39105,0.6630000000000109
1780861910028,223.761,Accelerometer,-21.559052,3.492,0.93705004,0.7729999999999961
1780861910544,224.277,Accelerometer,-47.767952,19.996052,-2.148,0.5159999999999911
1780861911311,225.044,Accelerometer,-16.861052,10.134001,1.3770001,0.7670000000000243
1780861911775,225.508,Accelerometer,-44.890953,14.23305,11.919001,0.46399999999999864
1780861912535,226.268,Accelerometer,-18.445951,6.4849505,-0.32205,0.7599999999999909
1780861913017,226.75,Accelerometer,-32.16495,14.059951,4.7130003,0.4819999999999993
1780861913545,227.278,Accelerometer,-19.914001,11.809951,-1.7659501,0.5279999999999916
1780861914255,227.988,Accelerometer,-34.347,14.71905,4.011,0.710000000000008
1780861915024,228.757,Accelerometer,-18.550951,13.80195,4.6639504,0.7690000000000055
1780861915516,229.249,Accelerometer,-47.773052,13.503,11.280001,0.4919999999999902
1780861916305,230.038,Accelerometer,-16.854,10.264951,-0.32700002,0.7890000000000157
1780861916736,230.469,Accelerometer,-58.899002,12.384001,13.548,0.4309999999999832
1780861917529,231.262,Accelerometer,-19.212002,9.70695,-1.72695,0.7930000000000064
1780861917956,231.689,Accelerometer,-51.345,14.175001,8.3209505,0.4269999999999925
1780861918713,232.446,Accelerometer,-22.34205,14.047951,4.40805,0.757000000000005
1780861919196,232.929,Accelerometer,-57.85995,10.213051,15.805051,0.4830000000000041
1780861919762,233.495,Accelerometer,-20.754002,10.63605,-0.41505003,0.5660000000000025
1780861920458,234.191,Accelerometer,-48.939003,9.95895,0.492,0.695999999999998
1780861921676,235.409,Accelerometer,-32.96505,14.149051,4.11705,1.2179999999999893
1780861921900,235.633,Accelerometer,-20.682001,5.9989505,2.9670002,0.22400000000001796
1780861922956,236.689,Accelerometer,-37.639053,12.09,14.857051,1.0559999999999832
1780861923141,236.874,Accelerometer,-13.480051,6.4099503,4.0129504,0.18500000000000227
1780861924406,238.139,Accelerometer,-16.987951,1.8610501,-1.46595,1.2650000000000148
1780861925576,239.309,Accelerometer,-18.067951,11.059951,-2.4379501,1.1699999999999875
1780861926213,239.946,Accelerometer,-28.686,8.40705,0.108,0.6370000000000005
1780861927515,241.248,Accelerometer,-25.879951,24.090002,-8.52495,1.3019999999999925
1780861930448,244.181,Accelerometer,-18.678001,8.91705,-10.545,2.933000000000021
1780861939739,253.472,Accelerometer,-17.653952,17.035952,6.8550005,9.290999999999997
1780861941088,254.821,Accelerometer,-12.19005,7.6120505,-7.7370005,1.3489999999999895
1780861945174,258.907,Accelerometer,-36.477,20.841002,36.81,4.085999999999984
