step_number,timestamp_ms,timestamp_utc,delta_ms,speed_spm,accel_magnitude
1,1778964584981,2026-05-16T20:49:44.981000+00:00,,,37.59064427895592
2,1778964586170,2026-05-16T20:49:46.170000+00:00,1189,50.462573591253154,33.36434965718506
3,1778964587607,2026-05-16T20:49:47.607000+00:00,1437,41.75365344467641,35.15303170802912
4,1778964588908,2026-05-16T20:49:48.908000+00:00,1301,46.11837048424289,23.280031681838008
5,1778964590215,2026-05-16T20:49:50.215000+00:00,1307,45.90665646518745,24.122709162803503
6,1778964591532,2026-05-16T20:49:51.532000+00:00,1317,45.558086560364465,19.549194771176666
7,1778964592639,2026-05-16T20:49:52.639000+00:00,1107,54.200542005420054,23.912552033421715
8,1778964595495,2026-05-16T20:49:55.495000+00:00,2856,21.008403361344538,15.701671814877582
9,1778964596588,2026-05-16T20:49:56.588000+00:00,1093,54.89478499542543,22.908998640994785
10,1778964598080,2026-05-16T20:49:58.080000+00:00,1492,40.21447721179624,39.910448795939644
11,1778964599167,2026-05-16T20:49:59.167000+00:00,1087,55.19779208831647,21.207010263916743
12,1778964599376,2026-05-16T20:49:59.376000+00:00,209,287.08133971291863,22.60113261462142
13,1778964600472,2026-05-16T20:50:00.472000+00:00,1096,54.74452554744526,38.9808679050809
14,1778964601673,2026-05-16T20:50:01.673000+00:00,1201,49.958368026644465,22.475595226754308
15,1778964602917,2026-05-16T20:50:02.917000+00:00,1244,48.231511254019296,22.287081744768745
16,1778964603150,2026-05-16T20:50:03.150000+00:00,233,257.51072961373393,28.761214006498076
17,1778964604338,2026-05-16T20:50:04.338000+00:00,1188,50.505050505050505,30.881318125673992
18,1778964605462,2026-05-16T20:50:05.462000+00:00,1124,53.380782918149464,22.70738014396421
19,1778964605676,2026-05-16T20:50:05.676000+00:00,214,280.3738317757009,14.302501668113207
20,1778964606609,2026-05-16T20:50:06.609000+00:00,933,64.30868167202573,21.890667657387475
21,1778964606826,2026-05-16T20:50:06.826000+00:00,217,276.49769585253455,29.775320023323076
22,1778964607852,2026-05-16T20:50:07.852000+00:00,1026,58.47953216374269,21.5188183405925
23,1778964609056,2026-05-16T20:50:09.056000+00:00,1204,49.83388704318937,22.95563577805028
24,1778964610265,2026-05-16T20:50:10.265000+00:00,1209,49.62779156327544,21.807766402531918
25,1778964611446,2026-05-16T20:50:11.446000+00:00,1181,50.804403048264184,22.599515492348615
26,1778964612592,2026-05-16T20:50:12.592000+00:00,1146,52.35602094240838,23.531189772217427
27,1778964613796,2026-05-16T20:50:13.796000+00:00,1204,49.83388704318937,22.868206439353788
28,1778964614575,2026-05-16T20:50:14.575000+00:00,779,77.02182284980745,22.750474379322974
29,1778964614920,2026-05-16T20:50:14.920000+00:00,345,173.91304347826087,22.92219661970685
30,1778964615132,2026-05-16T20:50:15.132000+00:00,212,283.0188679245283,26.870343454434877
31,1778964616121,2026-05-16T20:50:16.121000+00:00,989,60.66734074823054,22.378765982613988
32,1778964617430,2026-05-16T20:50:17.430000+00:00,1309,45.83651642475172,22.673733952329094
33,1778964618517,2026-05-16T20:50:18.517000+00:00,1087,55.19779208831647,23.237091313527195
34,1778964619684,2026-05-16T20:50:19.684000+00:00,1167,51.41388174807198,25.597526405893248
35,1778964620870,2026-05-16T20:50:20.870000+00:00,1186,50.5902192242833,21.8957755922685
36,1778964621647,2026-05-16T20:50:21.647000+00:00,777,77.22007722007721,22.29292391556128
37,1778964622014,2026-05-16T20:50:22.014000+00:00,367,163.48773841961852,26.66938499950085
38,1778964623162,2026-05-16T20:50:23.162000+00:00,1148,52.26480836236934,25.047189287139606
39,1778964624346,2026-05-16T20:50:24.346000+00:00,1184,50.67567567567568,24.545482789117656
40,1778964625453,2026-05-16T20:50:25.453000+00:00,1107,54.200542005420054,23.980542388571322
41,1778964625660,2026-05-16T20:50:25.660000+00:00,207,289.8550724637681,42.456638370024066
42,1778964626633,2026-05-16T20:50:26.633000+00:00,973,61.664953751284685,24.965804329550473
43,1778964627791,2026-05-16T20:50:27.791000+00:00,1158,51.81347150259067,24.87208858236682
44,1778964627999,2026-05-16T20:50:27.999000+00:00,208,288.46153846153845,15.797756297859427
45,1778964628968,2026-05-16T20:50:28.968000+00:00,969,61.919504643962846,21.847345518506362
46,1778964630131,2026-05-16T20:50:30.131000+00:00,1163,51.59071367153912,23.808840601447397
47,1778964630349,2026-05-16T20:50:30.349000+00:00,218,275.22935779816515,17.077048809179825
48,1778964631340,2026-05-16T20:50:31.340000+00:00,991,60.544904137235115,23.500101872438577
49,1778964632491,2026-05-16T20:50:32.491000+00:00,1151,52.12858384013901,21.431926907714132
50,1778964632739,2026-05-16T20:50:32.739000+00:00,248,241.93548387096774,31.07336635140301
51,1778964633302,2026-05-16T20:50:33.302000+00:00,563,106.57193605683837,22.862262114299277
52,1778964633653,2026-05-16T20:50:33.653000+00:00,351,170.94017094017093,25.10740431180611
53,1778964634794,2026-05-16T20:50:34.794000+00:00,1141,52.58545135845749,20.19742910719827
54,1778964635984,2026-05-16T20:50:35.984000+00:00,1190,50.42016806722689,21.769829953104143
55,1778964636192,2026-05-16T20:50:36.192000+00:00,208,288.46153846153845,27.77628473308704
56,1778964637421,2026-05-16T20:50:37.421000+00:00,1229,48.82017900732303,16.64035966828785
57,1778964638393,2026-05-16T20:50:38.393000+00:00,972,61.72839506172839,24.10518856663281
58,1778964639763,2026-05-16T20:50:39.763000+00:00,1370,43.7956204379562,24.852653254487763
59,1778964640778,2026-05-16T20:50:40.778000+00:00,1015,59.11330049261084,22.562761014002945
60,1778964641598,2026-05-16T20:50:41.598000+00:00,820,73.17073170731707,20.457716844563084
61,1778964641934,2026-05-16T20:50:41.934000+00:00,336,178.57142857142858,23.428439549133248
62,1778964642729,2026-05-16T20:50:42.729000+00:00,795,75.47169811320755,22.05143172124527
63,1778964643177,2026-05-16T20:50:43.177000+00:00,448,133.92857142857142,24.848921650305087
64,1778964644257,2026-05-16T20:50:44.257000+00:00,1080,55.55555555555556,25.016695083791745
65,1778964644491,2026-05-16T20:50:44.491000+00:00,234,256.4102564102564,17.283626040746228
66,1778964645485,2026-05-16T20:50:45.485000+00:00,994,60.36217303822938,23.06090048161437
67,1778964646631,2026-05-16T20:50:46.631000+00:00,1146,52.35602094240838,21.003604999321055
68,1778964647860,2026-05-16T20:50:47.860000+00:00,1229,48.82017900732303,22.111813453615692
69,1778964648984,2026-05-16T20:50:48.984000+00:00,1124,53.380782918149464,20.511922902663073
70,1778964650181,2026-05-16T20:50:50.181000+00:00,1197,50.12531328320802,23.2615019326761
71,1778964651371,2026-05-16T20:50:51.371000+00:00,1190,50.42016806722689,22.45298276542075
72,1778964652638,2026-05-16T20:50:52.638000+00:00,1267,47.355958958168905,26.261025738439866
73,1778964653722,2026-05-16T20:50:53.722000+00:00,1084,55.35055350553505,23.82507871769766
74,1778964653938,2026-05-16T20:50:53.938000+00:00,216,277.77777777777777,15.271275591014033
75,1778964654907,2026-05-16T20:50:54.907000+00:00,969,61.919504643962846,24.586140295264553
76,1778964655723,2026-05-16T20:50:55.723000+00:00,816,73.52941176470588,21.96027212945468
77,1778964656092,2026-05-16T20:50:56.092000+00:00,369,162.60162601626016,22.56770736695755
78,1778964657277,2026-05-16T20:50:57.277000+00:00,1185,50.63291139240506,25.399497751497076
79,1778964658404,2026-05-16T20:50:58.404000+00:00,1127,53.23868677905945,21.424889249120987
80,1778964658637,2026-05-16T20:50:58.637000+00:00,233,257.51072961373393,15.409258327304725
81,1778964659220,2026-05-16T20:50:59.220000+00:00,583,102.91595197255575,19.666343136430324
82,1778964659584,2026-05-16T20:50:59.584000+00:00,364,164.83516483516485,21.040554559956373
83,1778964660358,2026-05-16T20:51:00.358000+00:00,774,77.51937984496124,24.23184534012633
84,1778964660716,2026-05-16T20:51:00.716000+00:00,358,167.5977653631285,24.544433311789906
85,1778964661493,2026-05-16T20:51:01.493000+00:00,777,77.22007722007721,21.932124502289124
86,1778964661884,2026-05-16T20:51:01.884000+00:00,391,153.4526854219949,22.13098179081536
87,1778964662639,2026-05-16T20:51:02.639000+00:00,755,79.47019867549669,22.6506520824532
88,1778964662989,2026-05-16T20:51:02.989000+00:00,350,171.42857142857142,21.221124694629168
89,1778964663246,2026-05-16T20:51:03.246000+00:00,257,233.46303501945525,29.38481541239638
90,1778964664232,2026-05-16T20:51:04.232000+00:00,986,60.851926977687626,29.016323860765514
91,1778964664927,2026-05-16T20:51:04.927000+00:00,695,86.33093525179856,22.598267697401077
92,1778964665302,2026-05-16T20:51:05.302000+00:00,375,160.0,25.181947755674326
93,1778964666447,2026-05-16T20:51:06.447000+00:00,1145,52.40174672489083,23.74533661283969
94,1778964667632,2026-05-16T20:51:07.632000+00:00,1185,50.63291139240506,24.462824531406877
95,1778964668798,2026-05-16T20:51:08.798000+00:00,1166,51.45797598627787,24.05494131074799
96,1778964669944,2026-05-16T20:51:09.944000+00:00,1146,52.35602094240838,22.504584936481766
97,1778964670153,2026-05-16T20:51:10.153000+00:00,209,287.08133971291863,31.006135049886563
98,1778964670838,2026-05-16T20:51:10.838000+00:00,685,87.5912408759124,28.4228819251258
99,1778964672460,2026-05-16T20:51:12.460000+00:00,1622,36.99136868064118,22.09581286214884
100,1778964673597,2026-05-16T20:51:13.597000+00:00,1137,52.770448548812666,22.248326872531358
101,1778964674738,2026-05-16T20:51:14.738000+00:00,1141,52.58545135845749,24.259996514708142
102,1778964674957,2026-05-16T20:51:14.957000+00:00,219,273.972602739726,14.813855048707817
103,1778964676006,2026-05-16T20:51:16.006000+00:00,1049,57.197330791229746,27.462898203314783
104,1778964677108,2026-05-16T20:51:17.108000+00:00,1102,54.4464609800363,23.123968935499377
105,1778964678300,2026-05-16T20:51:18.300000+00:00,1192,50.33557046979866,25.19325715966677
106,1778964679464,2026-05-16T20:51:19.464000+00:00,1164,51.54639175257732,22.795690383399318
107,1778964679680,2026-05-16T20:51:19.680000+00:00,216,277.77777777777777,29.8175626122517
108,1778964680644,2026-05-16T20:51:20.644000+00:00,964,62.24066390041494,21.833705964652474
109,1778964681854,2026-05-16T20:51:21.854000+00:00,1210,49.586776859504134,21.490062371931405
110,1778964683039,2026-05-16T20:51:23.039000+00:00,1185,50.63291139240506,24.017751020911597
111,1778964684209,2026-05-16T20:51:24.209000+00:00,1170,51.282051282051285,25.991042539899798
112,1778964685492,2026-05-16T20:51:25.492000+00:00,1283,46.76539360872954,24.900609424939883
113,1778964686239,2026-05-16T20:51:26.239000+00:00,747,80.32128514056225,22.856036167208387
114,1778964686550,2026-05-16T20:51:26.550000+00:00,311,192.92604501607718,24.182966571438296
115,1778964687366,2026-05-16T20:51:27.366000+00:00,816,73.52941176470588,22.730785745591902
116,1778964687761,2026-05-16T20:51:27.761000+00:00,395,151.8987341772152,23.4111400871955
117,1778964688925,2026-05-16T20:51:28.925000+00:00,1164,51.54639175257732,23.026611738358316
118,1778964690091,2026-05-16T20:51:30.091000+00:00,1166,51.45797598627787,22.15256802132191
119,1778964690304,2026-05-16T20:51:30.304000+00:00,213,281.6901408450704,26.367227520977632
120,1778964691297,2026-05-16T20:51:31.297000+00:00,993,60.42296072507553,21.807845829846222
121,1778964691512,2026-05-16T20:51:31.512000+00:00,215,279.06976744186045,20.315264831109143
122,1778964692481,2026-05-16T20:51:32.481000+00:00,969,61.919504643962846,17.60169142518696
123,1778964693902,2026-05-16T20:51:33.902000+00:00,1421,42.223786066150595,37.55117442580326
124,1778964694831,2026-05-16T20:51:34.831000+00:00,929,64.58557588805166,22.87152871387483
125,1778964695064,2026-05-16T20:51:35.064000+00:00,233,257.51072961373393,19.5810832045215
126,1778964696055,2026-05-16T20:51:36.055000+00:00,991,60.544904137235115,25.202881417477922
127,1778964696873,2026-05-16T20:51:36.873000+00:00,818,73.34963325183374,21.679392328903045
128,1778964697221,2026-05-16T20:51:37.221000+00:00,348,172.41379310344828,22.89551268608764
129,1778964698037,2026-05-16T20:51:38.037000+00:00,816,73.52941176470588,23.720291321018824
130,1778964698440,2026-05-16T20:51:38.440000+00:00,403,148.8833746898263,27.946624133131074
131,1778964699263,2026-05-16T20:51:39.263000+00:00,823,72.90400972053463,19.588890277793695
132,1778964699683,2026-05-16T20:51:39.683000+00:00,420,142.85714285714286,27.535419612612483
133,1778964700428,2026-05-16T20:51:40.428000+00:00,745,80.53691275167785,21.28040440193515
134,1778964700849,2026-05-16T20:51:40.849000+00:00,421,142.51781472684087,27.023519848040785
135,1778964701981,2026-05-16T20:51:41.981000+00:00,1132,53.003533568904594,28.16669138026891
136,1778964703088,2026-05-16T20:51:43.088000+00:00,1107,54.200542005420054,24.913464287196412
137,1778964703289,2026-05-16T20:51:43.289000+00:00,201,298.5074626865672,21.44549038558233
138,1778964704254,2026-05-16T20:51:44.254000+00:00,965,62.17616580310881,23.708015295892444
139,1778964705070,2026-05-16T20:51:45.070000+00:00,816,73.52941176470588,21.529997946552626
140,1778964705512,2026-05-16T20:51:45.512000+00:00,442,135.74660633484163,25.703614580173564
141,1778964706240,2026-05-16T20:51:46.240000+00:00,728,82.41758241758242,21.475130855202732
142,1778964706599,2026-05-16T20:51:46.599000+00:00,359,167.13091922005572,25.69199613131103
143,1778964706800,2026-05-16T20:51:46.800000+00:00,201,298.5074626865672,23.22366904927344
144,1778964707400,2026-05-16T20:51:47.400000+00:00,600,100.0,23.11538467964014
145,1778964707765,2026-05-16T20:51:47.765000+00:00,365,164.3835616438356,25.229202380519364
146,1778964708567,2026-05-16T20:51:48.567000+00:00,802,74.81296758104739,20.52065520783277
147,1778964708977,2026-05-16T20:51:48.977000+00:00,410,146.34146341463415,28.878079672563096
148,1778964710086,2026-05-16T20:51:50.086000+00:00,1109,54.10279531109107,24.47648822590796
149,1778964710874,2026-05-16T20:51:50.874000+00:00,788,76.14213197969544,23.386397888090293
150,1778964711249,2026-05-16T20:51:51.249000+00:00,375,160.0,24.135593217302553
151,1778964712028,2026-05-16T20:51:52.028000+00:00,779,77.02182284980745,23.80206517658088
152,1778964712472,2026-05-16T20:51:52.472000+00:00,444,135.13513513513513,27.188595201482993
153,1778964713192,2026-05-16T20:51:53.192000+00:00,720,83.33333333333333,22.822709380097056
154,1778964713547,2026-05-16T20:51:53.547000+00:00,355,169.01408450704224,22.111487080418176
155,1778964714745,2026-05-16T20:51:54.745000+00:00,1198,50.08347245409015,24.703092227953388
156,1778964715522,2026-05-16T20:51:55.522000+00:00,777,77.22007722007721,24.437991643989506
157,1778964715949,2026-05-16T20:51:55.949000+00:00,427,140.5152224824356,22.782886763321965
158,1778964717076,2026-05-16T20:51:57.076000+00:00,1127,53.23868677905945,21.80029308797137
159,1778964717289,2026-05-16T20:51:57.289000+00:00,213,281.6901408450704,32.5267614096492
160,1778964717871,2026-05-16T20:51:57.871000+00:00,582,103.09278350515464,24.618916786588745
161,1778964718220,2026-05-16T20:51:58.220000+00:00,349,171.91977077363896,26.63998156362765
162,1778964718441,2026-05-16T20:51:58.441000+00:00,221,271.49321266968326,48.95403965265592
163,1778964719000,2026-05-16T20:51:59+00:00,559,107.3345259391771,22.265653497082905
164,1778964719351,2026-05-16T20:51:59.351000+00:00,351,170.94017094017093,23.55972027645914
165,1778964720129,2026-05-16T20:52:00.129000+00:00,778,77.12082262210797,22.67077243996025
166,1778964720495,2026-05-16T20:52:00.495000+00:00,366,163.9344262295082,24.833742187252025
167,1778964721661,2026-05-16T20:52:01.661000+00:00,1166,51.45797598627787,24.716842255577575
168,1778964722807,2026-05-16T20:52:02.807000+00:00,1146,52.35602094240838,23.50874123559705
169,1778964723973,2026-05-16T20:52:03.973000+00:00,1166,51.45797598627787,22.74991381972677
170,1778964725139,2026-05-16T20:52:05.139000+00:00,1166,51.45797598627787,24.27929915955698
171,1778964726322,2026-05-16T20:52:06.322000+00:00,1183,50.718512256973796,24.216951029008605
172,1778964727489,2026-05-16T20:52:07.489000+00:00,1167,51.41388174807198,25.63515910319265
173,1778964727703,2026-05-16T20:52:07.703000+00:00,214,280.3738317757009,14.982298820591286
174,1778964728305,2026-05-16T20:52:08.305000+00:00,602,99.66777408637874,20.49364344446599
175,1778964728635,2026-05-16T20:52:08.635000+00:00,330,181.8181818181818,23.96851113405595
176,1778964728878,2026-05-16T20:52:08.878000+00:00,243,246.91358024691357,38.80447783703577
177,1778964729491,2026-05-16T20:52:09.491000+00:00,613,97.87928221859707,22.680642335195035
178,1778964729840,2026-05-16T20:52:09.840000+00:00,349,171.91977077363896,25.90237369835832
179,1778964730640,2026-05-16T20:52:10.640000+00:00,800,75.0,20.522462379736503
180,1778964730986,2026-05-16T20:52:10.986000+00:00,346,173.41040462427745,24.33796270697283
181,1778964732152,2026-05-16T20:52:12.152000+00:00,1166,51.45797598627787,25.043956364667924
182,1778964733298,2026-05-16T20:52:13.298000+00:00,1146,52.35602094240838,23.350873485716853
183,1778964734109,2026-05-16T20:52:14.109000+00:00,811,73.98273736128236,21.43464838020212
184,1778964734464,2026-05-16T20:52:14.464000+00:00,355,169.01408450704224,23.455555958929857
185,1778964734678,2026-05-16T20:52:14.678000+00:00,214,280.3738317757009,24.547704921338372
186,1778964735631,2026-05-16T20:52:15.631000+00:00,953,62.95907660020986,20.623141274518566
187,1778964735844,2026-05-16T20:52:15.844000+00:00,213,281.6901408450704,14.01472612053803
188,1778964736895,2026-05-16T20:52:16.895000+00:00,1051,57.08848715509039,24.411700611415853
189,1778964738073,2026-05-16T20:52:18.073000+00:00,1178,50.93378607809847,24.05276422360767
190,1778964739238,2026-05-16T20:52:19.238000+00:00,1165,51.502145922746784,22.06218524159518
191,1778964740447,2026-05-16T20:52:20.447000+00:00,1209,49.62779156327544,22.420269648411903
192,1778964741710,2026-05-16T20:52:21.710000+00:00,1263,47.50593824228029,22.053269276930436
193,1778964742968,2026-05-16T20:52:22.968000+00:00,1258,47.69475357710652,23.025130593281858
194,1778964744198,2026-05-16T20:52:24.198000+00:00,1230,48.78048780487805,23.422863125297365
195,1778964745425,2026-05-16T20:52:25.425000+00:00,1227,48.899755501222494,21.118585916036636
196,1778964746853,2026-05-16T20:52:26.853000+00:00,1428,42.016806722689076,20.34503741677417
197,1778964747931,2026-05-16T20:52:27.931000+00:00,1078,55.65862708719852,20.841332001622884
198,1778964749185,2026-05-16T20:52:29.185000+00:00,1254,47.84688995215311,22.52667137779557
199,1778964750428,2026-05-16T20:52:30.428000+00:00,1243,48.27031375703942,21.49296956141964
200,1778964750647,2026-05-16T20:52:30.647000+00:00,219,273.972602739726,21.74392109248937
201,1778964751696,2026-05-16T20:52:31.696000+00:00,1049,57.197330791229746,21.061503907875174
202,1778964753148,2026-05-16T20:52:33.148000+00:00,1452,41.32231404958678,26.351959826238165
203,1778964754222,2026-05-16T20:52:34.222000+00:00,1074,55.865921787709496,22.225885824983536
204,1778964755702,2026-05-16T20:52:35.702000+00:00,1480,40.54054054054054,23.6768766576713
205,1778964756730,2026-05-16T20:52:36.730000+00:00,1028,58.36575875486381,22.685584921897743
206,1778964757892,2026-05-16T20:52:37.892000+00:00,1162,51.63511187607573,20.79354571877221
207,1778964759091,2026-05-16T20:52:39.091000+00:00,1199,50.04170141784821,21.554182730672025
208,1778964759353,2026-05-16T20:52:39.353000+00:00,262,229.00763358778627,25.979863263364205
209,1778964760438,2026-05-16T20:52:40.438000+00:00,1085,55.29953917050691,24.9277402847711
210,1778964761618,2026-05-16T20:52:41.618000+00:00,1180,50.847457627118644,20.314705602099192
211,1778964762886,2026-05-16T20:52:42.886000+00:00,1268,47.3186119873817,23.804399490459787
212,1778964764129,2026-05-16T20:52:44.129000+00:00,1243,48.27031375703942,23.713007373873545
213,1778964765314,2026-05-16T20:52:45.314000+00:00,1185,50.63291139240506,20.405731388171173
214,1778964765528,2026-05-16T20:52:45.528000+00:00,214,280.3738317757009,20.40889749670058
215,1778964766591,2026-05-16T20:52:46.591000+00:00,1063,56.444026340545626,22.908596458041707
216,1778964767804,2026-05-16T20:52:47.804000+00:00,1213,49.4641384995878,22.149218435534014
217,1778964769064,2026-05-16T20:52:49.064000+00:00,1260,47.61904761904762,21.428705497273608
218,1778964770307,2026-05-16T20:52:50.307000+00:00,1243,48.27031375703942,22.097377281987587
219,1778964770522,2026-05-16T20:52:50.522000+00:00,215,279.06976744186045,24.92616489586784
220,1778964771571,2026-05-16T20:52:51.571000+00:00,1049,57.197330791229746,19.102593455012858
221,1778964771787,2026-05-16T20:52:51.787000+00:00,216,277.77777777777777,15.674931005340982
222,1778964772832,2026-05-16T20:52:52.832000+00:00,1045,57.41626794258373,21.394978654836326
223,1778964773047,2026-05-16T20:52:53.047000+00:00,215,279.06976744186045,20.59163473647493
224,1778964774130,2026-05-16T20:52:54.130000+00:00,1083,55.40166204986149,22.56315467679334
225,1778964775295,2026-05-16T20:52:55.295000+00:00,1165,51.502145922746784,20.222173260222405
226,1778964775495,2026-05-16T20:52:55.495000+00:00,200,300.0,24.984385162928685
227,1778964776505,2026-05-16T20:52:56.505000+00:00,1010,59.40594059405941,21.401817837864385
228,1778964776718,2026-05-16T20:52:56.718000+00:00,213,281.6901408450704,24.557298496965906
229,1778964778015,2026-05-16T20:52:58.015000+00:00,1297,46.26060138781804,26.651714259960844
230,1778964778700,2026-05-16T20:52:58.700000+00:00,685,87.5912408759124,20.204761231229238
231,1778964779025,2026-05-16T20:52:59.025000+00:00,325,184.6153846153846,24.761648941478047
232,1778964779244,2026-05-16T20:52:59.244000+00:00,219,273.972602739726,16.352466654446086
233,1778964780251,2026-05-16T20:53:00.251000+00:00,1007,59.58291956305859,23.293429028362485
234,1778964781513,2026-05-16T20:53:01.513000+00:00,1262,47.543581616481774,21.72048632580546
235,1778964782731,2026-05-16T20:53:02.731000+00:00,1218,49.26108374384236,23.80984621109729
236,1778964782935,2026-05-16T20:53:02.935000+00:00,204,294.11764705882354,19.04248873463474
237,1778964783968,2026-05-16T20:53:03.968000+00:00,1033,58.08325266214908,20.42821374578062
238,1778964784174,2026-05-16T20:53:04.174000+00:00,206,291.2621359223301,21.90835846240243
239,1778964785189,2026-05-16T20:53:05.189000+00:00,1015,59.11330049261084,22.193437403773014
240,1778964786393,2026-05-16T20:53:06.393000+00:00,1204,49.83388704318937,20.368943005676584
241,1778964786608,2026-05-16T20:53:06.608000+00:00,215,279.06976744186045,36.11841944394273
242,1778964787636,2026-05-16T20:53:07.636000+00:00,1028,58.36575875486381,19.649808312232974
243,1778964788941,2026-05-16T20:53:08.941000+00:00,1305,45.97701149425287,26.28817253776504
244,1778964790061,2026-05-16T20:53:10.061000+00:00,1120,53.57142857142857,22.657251490712657
245,1778964791271,2026-05-16T20:53:11.271000+00:00,1210,49.586776859504134,21.71376511820463
246,1778964792469,2026-05-16T20:53:12.469000+00:00,1198,50.08347245409015,19.99210894950058
247,1778964793932,2026-05-16T20:53:13.932000+00:00,1463,41.01161995898838,24.78210740642337
248,1778964794992,2026-05-16T20:53:14.992000+00:00,1060,56.60377358490566,22.056511086808445
249,1778964796262,2026-05-16T20:53:16.262000+00:00,1270,47.24409448818898,23.25761978413537
250,1778964797477,2026-05-16T20:53:17.477000+00:00,1215,49.382716049382715,21.60327625376418
251,1778964797682,2026-05-16T20:53:17.682000+00:00,205,292.6829268292683,29.655935021248347
252,1778964798729,2026-05-16T20:53:18.729000+00:00,1047,57.306590257879655,22.204889189988545
253,1778964799920,2026-05-16T20:53:19.920000+00:00,1191,50.377833753148614,23.083781036081177
254,1778964800784,2026-05-16T20:53:20.784000+00:00,864,69.44444444444444,22.396365662860823
255,1778964801158,2026-05-16T20:53:21.158000+00:00,374,160.42780748663102,23.89714878053512
256,1778964802607,2026-05-16T20:53:22.607000+00:00,1449,41.40786749482402,22.967561660388863
257,1778964803844,2026-05-16T20:53:23.844000+00:00,1237,48.504446240905416,14.217887894955073
258,1778964808753,2026-05-16T20:53:28.753000+00:00,4909,12.222448563862294,23.65509882533582
259,1778964809066,2026-05-16T20:53:29.066000+00:00,313,191.69329073482427,36.84471065073643
260,1778964809647,2026-05-16T20:53:29.647000+00:00,581,103.27022375215147,24.990662002504155
261,1778964809864,2026-05-16T20:53:29.864000+00:00,217,276.49769585253455,22.59256800132477
262,1778964810230,2026-05-16T20:53:30.230000+00:00,366,163.9344262295082,22.852347957974033
263,1778964810912,2026-05-16T20:53:30.912000+00:00,682,87.97653958944281,20.5819997378977
264,1778964811357,2026-05-16T20:53:31.357000+00:00,445,134.8314606741573,25.984094080285562
265,1778964811806,2026-05-16T20:53:31.806000+00:00,449,133.630289532294,24.719683200315373
266,1778964813320,2026-05-16T20:53:33.320000+00:00,1514,39.63011889035667,26.704167735589586
267,1778964813763,2026-05-16T20:53:33.763000+00:00,443,135.44018058690745,32.18384220348157
